dataset,selector,accuracy,train_transform_time_s,feature_selection_time_s,training_time_s,test_transform_time_s,inference_time_s,total_time_s,retained_features,memory_delta_mb,status,error
Adiac,anova_f,0.659846547314578,6.455815899884328,0.1822695001028478,0.0987904001958668,18.885421999963,0.0039965000469237,28.68086909991689,500.0,220.6015625,ok,
Adiac,mutual_info,0.6547314578005116,22.21818299987353,2012.1058386999648,0.0936966999433934,13.878609399776906,0.0013776000123471,2053.6811053000856,500.0,165.38671875,ok,
Adiac,random,0.6879795396419437,22.611151299905032,0.0022740999702364,0.0924196999985724,17.301929699955508,0.001310900086537,45.22140450007282,500.0,216.54296875,ok,
ArrowHead,anova_f,0.7885714285714286,2.59183879988268,0.0405679999385029,0.009897300042212,11.006812599953264,0.0005294000729918,18.06077410001308,500.0,87.484375,ok,
ArrowHead,mutual_info,0.7942857142857143,2.2070112000219524,83.05444350000471,0.0073142000474035,13.150461199926212,0.0005168998613953,102.69431299995632,500.0,84.84765625,ok,
ArrowHead,random,0.7885714285714286,2.907841099891812,0.0005713000427931,0.0080683000851422,15.202603500103578,0.0006566999945789,24.072498199995607,500.0,84.88671875,ok,
Beef,anova_f,0.7333333333333333,5.223085900070146,0.0424835998564958,0.0078963998239487,5.3390134000219405,0.0005548999179154,16.95229179994203,500.0,54.44140625,ok,
Beef,mutual_info,0.7333333333333333,3.0474902000278234,1464.8918995999263,0.0070525000337511,3.531325399875641,0.0004300998989492,1476.698917800095,500.0,52.2890625,ok,
Beef,random,0.8,2.9582245000638068,0.0005736998282372,0.0056560998782515,2.7274925999809057,0.0004116999916732,9.740607700077817,500.0,51.25390625,ok,
BeetleFly,anova_f,0.85,3.723840600112453,0.0380057001020759,0.0042965998873114,2.284692300017923,0.0004803999327123,11.521473799832163,500.0,49.3125,ok,
BeetleFly,mutual_info,0.85,3.569517200114205,82.96597080002539,0.006323300069198,3.1578897999133915,0.0002874999772757,96.6553094999399,500.0,47.11328125,ok,
BeetleFly,random,0.85,0.6702132001519203,0.0002351999282836,0.0024216999299824,0.6863514999859035,0.0002535998355597,3.791046799859032,500.0,46.671875,ok,
BirdChicken,anova_f,0.9,1.001644799951464,0.0206272001378238,0.0028808000497519,0.8265924998559058,0.0002457001246511,4.574136799899861,500.0,48.953125,ok,
BirdChicken,mutual_info,0.95,0.8156116001773626,31.911432099994272,0.0025849000085145,0.8309828999917954,0.0002566999755799,36.25529589992948,500.0,47.64453125,ok,
BirdChicken,random,0.8,0.7920584001112729,0.0002619000151753,0.0026231000665575,0.8065566001459956,0.000359599944204,4.305267800111324,500.0,46.74609375,ok,
Car,anova_f,0.8833333333333333,2.363025699974969,0.0725118999835103,0.0030664000660181,2.351949000032618,0.000838000094518,7.189463700167835,500.0,66.328125,ok,
Car,mutual_info,0.9,7.602396300062537,114.61627610004508,0.0049749000463634,8.184401399921626,0.0003936998546123,136.07179259997793,500.0,65.6953125,ok,
Car,random,0.8833333333333333,11.370130100054666,0.0006227998528629,0.0065502999350428,10.579085299978033,0.0004164001438766,28.113088799873367,500.0,63.40625,ok,
CBF,anova_f,1.0,0.850231199990958,0.0211640999186784,0.0034457999281585,20.50691180001013,0.0015785999130457,25.17049470008351,500.0,251.98046875,ok,
CBF,mutual_info,0.9955555555555556,0.294878999935463,41.12780760019086,0.0025629000738263,9.445637499913571,0.001480400096625,55.71166520006955,500.0,251.859375,ok,
CBF,random,0.9955555555555556,0.3086149001028389,0.0003154999576508,0.0033529000356793,9.315126199973747,0.0012560000177472,12.182206499855964,500.0,248.890625,ok,
ChlorineConcentration,anova_f,0.609375,5.378032699925825,0.1263462000060826,0.0732595999725163,76.88201220007613,0.0037595999892801,84.7098250000272,500.0,1045.03515625,ok,
ChlorineConcentration,mutual_info,0.6744791666666666,6.107454000040889,111.3685413999483,0.1008423001039773,58.92518480005674,0.0038949998561292,178.7479006999638,500.0,1041.03515625,ok,
ChlorineConcentration,random,0.6020833333333333,7.1497843998949975,0.0034999998752027,0.08514149999246,117.5023644999601,0.0030258998740464,127.3132789998781,500.0,1040.81640625,ok,
CinCECGTorso,anova_f,0.9521739130434784,17.52916939998977,0.0355236001778394,0.0048490001354366,531.4722587999422,0.0027765000704675,553.5647223999258,500.0,368.37109375,ok,
CinCECGTorso,mutual_info,0.9637681159420288,24.403220399981365,482.3551519000903,0.0080210000742226,424.4819885999896,0.00229959981516,938.4448490000796,500.0,365.9296875,ok,
CinCECGTorso,random,0.8927536231884058,5.865051100030541,0.0003984000068157,0.0033708999399095,413.0391448000446,0.0032184000592678,422.03537270007655,500.0,361.43359375,ok,
Coffee,anova_f,1.0,0.6357925999909639,0.0215114001184701,0.0039858999662101,0.6419637999497354,0.0002826999407261,3.990979199996218,500.0,51.453125,ok,
Coffee,mutual_info,1.0,0.6392645000014454,32.86897729989141,0.0025804999750107,0.6390203000046313,0.0003357999958097,36.89476029993966,500.0,51.33984375,ok,
Coffee,random,1.0,0.6320716999471188,0.000351499998942,0.0041463000234216,0.6321143999230117,0.0002778999041765,3.998740399954841,500.0,49.42578125,ok,
Computers,anova_f,0.732,14.524915599962696,0.0886387999635189,0.0207978000398725,14.398699400015175,0.0004370000679045,31.682016500039023,500.0,149.81640625,ok,
Computers,mutual_info,0.776,15.098582899896428,44.26237979996949,0.0245080001186579,14.512256000190972,0.0004869000986218,76.5668474000413,500.0,149.58203125,ok,
Computers,random,0.744,15.007727799937127,0.0019002999179065,0.0225718999281525,14.68156240019016,0.0007620002143085,32.43099780008197,500.0,150.09765625,ok,
CricketX,anova_f,0.4205128205128205,9.324140999931842,0.1172938998788595,0.0636720999609679,9.272415300132709,0.0008830002043396,21.454396599903703,500.0,221.83203125,ok,
CricketX,mutual_info,0.5564102564102564,9.21329479990527,197.77289869985543,0.0530008000787347,9.190215599955993,0.0008944000583142,218.93273270013745,500.0,220.00390625,ok,
CricketX,random,0.7487179487179487,9.438001699978486,0.0029225999023765,0.0587349000852555,9.376686099916697,0.0009912999812513,21.56892119999975,500.0,217.015625,ok,
CricketY,anova_f,0.6974358974358974,9.238842900143936,0.1232200001832097,0.058019199874252,9.245982599910349,0.0007807000074535,21.37739669997245,500.0,221.796875,ok,
CricketY,mutual_info,0.7205128205128205,10.275723000057042,192.50085190008397,0.0697595002129674,9.778236999874936,0.0014051999896764,215.3056464998517,500.0,216.73046875,ok,
CricketY,random,0.7794871794871795,9.525025900220498,0.0034174001775681,0.0727742998860776,9.6008681000676,0.0013276000972837,21.987455599941317,500.0,214.921875,ok,
CricketZ,anova_f,0.4230769230769231,10.104913600021971,0.1285419999621808,0.0645505997817963,10.317891700193286,0.0008028000593185,23.392882300075144,500.0,220.6484375,ok,
CricketZ,mutual_info,0.4333333333333333,9.68540529999882,203.8648875001818,0.0694331000559032,10.397301099961624,0.001424100017175,226.81542739993893,500.0,219.609375,ok,
CricketZ,random,0.8,10.498019099934028,0.0032392998691648,0.0713510999921709,10.281725199893115,0.0008159999269992,23.77547309990041,500.0,215.2890625,ok,
DiatomSizeReduction,anova_f,0.9575163398692812,0.462714800145477,0.0146170000080019,0.0026707998476922,9.069700400112197,0.0007327999919652,12.324484900105745,500.0,114.05859375,ok,
DiatomSizeReduction,mutual_info,0.9575163398692812,0.4601232998538762,821.0778016000986,0.0062757998239248,8.66974200005643,0.0007693001534789,833.0052854001988,500.0,107.76171875,ok,
DiatomSizeReduction,random,0.9705882352941176,1.7770453998818994,0.0005269001703709,0.0068012999836355,35.58231450011954,0.001816299976781,44.22633589990437,500.0,106.40234375,ok,
DistalPhalanxOutlineCorrect,anova_f,0.782608695652174,3.666482399916276,0.241368600167334,0.1292650999967008,1.741470699897036,0.0004396999720484,8.146332999924198,500.0,242.83984375,ok,
DistalPhalanxOutlineCorrect,mutual_info,0.7717391304347826,3.86860749986954,87.31187550001778,0.1127598001621663,1.825311599997804,0.0004350999370217,95.5979699001182,500.0,239.3984375,ok,
DistalPhalanxOutlineCorrect,random,0.75,4.082898600026965,0.0051025999709963,0.1179555000271648,1.8401832999661565,0.0004201000556349,8.518435300095007,500.0,239.55859375,ok,
DistalPhalanxOutlineAgeGroup,anova_f,0.762589928057554,4.374501500045881,0.1665793999563902,0.0762751000002026,1.317763099912554,0.0005222000181674,9.066684099845588,500.0,167.34765625,ok,
DistalPhalanxOutlineAgeGroup,mutual_info,0.7338129496402878,8.16194329992868,121.53236860013568,0.0548740001395344,0.8260766000021249,0.0003334998618811,134.57122600008734,500.0,165.76953125,ok,
DistalPhalanxOutlineAgeGroup,random,0.762589928057554,6.341054599964991,0.0031202000100165,0.0688124001026153,0.9131422000937164,0.0003692000173032,11.302716600010172,500.0,163.515625,ok,
Adiac,chi2,0.6895012787723785,0.7414975899970159,0.7414975899970159,0.0061821400187909,0.5054635000182316,0.0002208599820733,1.2534115599934013,500.0,40.28125,ok,
ArrowHead,chi2,0.8278571428571428,0.3362708000000566,0.3362708000000566,0.0002558500040322,0.3692976700142026,4.329001531004e-05,0.7059108899906278,500.0,36.26171875,ok,
Beef,chi2,0.7116666666666667,0.3522554999915883,0.3522554999915883,0.0002295000012964,0.0987156999995932,2.262000925838e-05,0.4512600400019437,500.0,35.90234375,ok,
BeetleFly,chi2,0.895,0.3400992300128563,0.3400992300128563,0.0002445599995553,0.077221759990789,2.221998292952e-05,0.4176297099795192,500.0,37.50390625,ok,
BirdChicken,chi2,0.945,0.3689797099912539,0.3689797099912539,0.000229370011948,0.0889452199917286,2.941999118775e-05,0.4582242599921301,500.0,37.76953125,ok,
CBF,chi2,1.0,0.2952152000041678,0.2952152000041678,0.0002458000089973,0.9311907400144264,0.0001275799935683,1.2270504000131042,500.0,37.5625,ok,
Car,chi2,0.895,0.5212015999946743,0.5212015999946743,0.0004394399933516,0.2560363499913364,2.671999391168e-05,0.777744169998914,500.0,36.72265625,ok,
ChlorineConcentration,chi2,0.6910937500000001,0.8990275399992242,0.8990275399992242,0.0082287400029599,4.9561053000157695,0.0004048399860039,5.863854840002023,500.0,53.95703125,ok,
CinCECGTorso,chi2,1.0,0.7571236999938263,0.7571236999938263,0.0002591700060292,17.113509229989724,0.0001852000132203,17.87112565001007,500.0,42.2890625,ok,
Coffee,chi2,1.0,0.3483739399816841,0.3483739399816841,0.000229990016669,0.0587206600001081,2.097999677062e-05,0.4073839300079271,500.0,37.421875,ok,
Computers,chi2,0.761,1.6010797800030558,1.6010797800030558,0.0027466699946671,1.3178358000004664,4.022000357508e-05,2.9217470000032337,500.0,42.08984375,ok,
CricketX,chi2,0.5552564102564103,1.1624328899895773,1.1624328899895773,0.0049416800029575,1.129275120003149,0.0001383599825203,2.296879960014485,500.0,39.296875,ok,
CricketY,chi2,0.7014102564102564,1.383255199994892,1.383255199994892,0.0064644400030374,0.9318485900061204,0.0001275399932637,2.321745770005509,500.0,39.1171875,ok,
CricketZ,chi2,0.545,1.3926087999949233,1.3926087999949233,0.0060503299813717,0.9947222799994052,0.0001112600089982,2.393540260009468,500.0,38.8671875,ok,
DiatomSizeReduction,chi2,0.999248366013072,0.4083133200183511,0.4083133200183511,0.0002239699941128,1.2152033400023357,8.620999287813e-05,1.6238918399903923,500.0,34.765625,ok,
DistalPhalanxOutlineAgeGroup,chi2,0.8147841726618705,0.5670644100056961,0.5670644100056961,0.0058602599892765,0.0972999999998137,3.615000750869e-05,0.6702986399875954,500.0,41.3203125,ok,
DistalPhalanxOutlineCorrect,chi2,0.7986231884057972,1.0999813199974595,1.0999813199974595,0.0161116099916398,0.2073864700039848,4.426999948918e-05,1.3235732099972664,500.0,46.05078125,ok,
